{"cameraMode":{"drawMode":0,"name":"Shaded","section":"Shading Mode"},"sceneLighting":true,"audioPlay":false,"sceneViewState":{"m_AlwaysRefresh":false,"showFog":true,"showSkybox":true,"showFlares":true,"showImageEffects":true,"showParticleSystems":true,"showVisualEffectGraphs":true,"m_FxEnabled":true},"in2DMode":false,"pivot":{"x":401.9014587402344,"y":3.9501702785491945,"z":269.9991760253906},"rotation":{"x":-0.18970955908298493,"y":-0.20680151879787446,"z":0.04091176763176918,"w":-0.9589440226554871},"size":13.304134368896485,"orthographic":false}